geographic_zone,earthquake_count,avg_magnitude,std_magnitude,max_magnitude,min_magnitude,avg_depth,avg_risk_score
japan,4734,4.495944233206598,0.3688545689905369,7.5,2.7,72.07137579214191,2.0730481622306685
indonesia,10042,4.474616610237017,0.36584317454159304,7.6,3.4,93.00875761800417,2.041635132443697
philippines,2724,4.57801027900146,0.36865469698430287,7.6,3.8,55.67548861967694,2.0945080763583106
chile,4523,4.366150784877292,0.3784520267734507,7.4,2.5,106.91773690028737,1.972518240106089
