magnitude_category,category_count,avg_depth_by_magnitude
major,19,136.26636842105265
light,19830,88.87438416540581
moderate,1773,63.952421883812704
strong,155,90.61564516129033
minor,231,75.22381818181823
micro,15,43.394800000000004
