{
  "best_model": "RandomForest",
  "model_comparison": {
    "RandomForest": {
      "test_accuracy": 1.0,
      "precision": 1.0,
      "recall": 1.0,
      "f1_score": 1.0
    },
    "LogisticRegression": {
      "test_accuracy": 0.996114304217599,
      "precision": 0.9962855163877445,
      "recall": 0.996114304217599,
      "f1_score": 0.9961601384577469
    }
  },
  "training_timestamp": "2025-06-21T15:35:11.000554"
}