{
  "best_model": "RandomForest",
  "model_comparison": {
    "RandomForest": {
      "test_accuracy": 0.9677079961152476,
      "precision": 0.9702887440883323,
      "recall": 0.9677079961152476,
      "f1_score": 0.9682234438996851
    },
    "LogisticRegression": {
      "test_accuracy": 0.7729847847199741,
      "precision": 0.8291057731955794,
      "recall": 0.7729847847199741,
      "f1_score": 0.7873493623868896
    }
  },
  "training_timestamp": "2025-06-21T16:22:25.663702"
}