{
  "best_model": "RandomForest",
  "model_comparison": {
    "RandomForest": {
      "test_accuracy": 1.0,
      "precision": 1.0,
      "recall": 1.0,
      "f1_score": 1.0
    },
    "LogisticRegression": {
      "test_accuracy": 0.9999190480045334,
      "precision": 0.9999190660178834,
      "recall": 0.9999190480045334,
      "f1_score": 0.9999190499330715
    }
  },
  "training_timestamp": "2025-06-21T10:04:13.070963"
}